Workbook

Sheet Management_Dashboard
A1: S K KHETAN GROUP – DAILY MANAGEMENT DASHBOARD | H1: Date | I1: 12.04.2026
A2: Daily communication for SKK Corporate Office | Zero Harm • Safe Productivity • Performance Excellence
A4: Mines Site | B4: LTI/MTI Act | C4: FAC Act | D4: OP Tgt (m) | E4: OP Act (m) | F4: OP Achv % | G4: MD Tgt (m) | H4: MD Act (m) | I4: MD Achv %
A5: KAYAD | B5: 0 | C5: 0 | D5: 3000 | E5: 1542 | F5: =IF(COUNT(D5:E5)=0,"",IFERROR(E5/D5,"")) -> 0.514 | G5: 23 | H5: 14.2 | I5: =IF(COUNT(G5:H5)=0,"",IFERROR(H5/G5,"")) -> 0.6173913
A6: MOCHIA | B6: 0 | C6: 0 | D6: 2200 | E6: 1794 | F6: =IF(COUNT(D6:E6)=0,"",IFERROR(E6/D6,"")) -> 0.81545455 | G6: 30 | H6: 22 | I6: =IF(COUNT(G6:H6)=0,"",IFERROR(H6/G6,"")) -> 0.73333333
A7: BALARIA | B7: 0 | C7: 0 | D7: 3000 | E7: 2831 | F7: =IF(COUNT(D7:E7)=0,"",IFERROR(E7/D7,"")) -> 0.94366667 | G7: 30 | H7: 22 | I7: =IF(COUNT(G7:H7)=0,"",IFERROR(H7/G7,"")) -> 0.73333333
A8: BAROI | B8: =Source_Data!L4 -> 0 | C8: 1 | D8: 3200 | E8: 1446 | F8: =IF(COUNT(D8:E8)=0,"",IFERROR(E8/D8,"")) -> 0.451875 | G8: 27 | H8: 23.8 | I8: =IF(COUNT(G8:H8)=0,"",IFERROR(H8/G8,"")) -> 0.88148148
A9: RDM | B9: =Source_Data!O4 -> 0 | C9: =Source_Data!P4 -> 0 | D9: 0 | E9: =Source_Data!P6 -> 0 | F9: =IF(COUNT(D9:E9)=0,"",IFERROR(E9/D9,"")) | G9: 10 | H9: 7 | I9: =IF(COUNT(G9:H9)=0,"",IFERROR(H9/G9,"")) -> 0.7
A10: KHETRI (10/04/2026) | B10: =Source_Data!R4 -> 0 | C10: =Source_Data!S4 -> 0 | D10: 0 | E10: =Source_Data!S6 -> 0 | F10: =IF(COUNT(D10:E10)=0,"",IFERROR(E10/D10,"")) | G10: 10.61 | H10: 9.05 | I10: =IF(COUNT(G10:H10)=0,"",IFERROR(H10/G10,"")) -> 0.8529689
A11: KENDADIH | B11: =Source_Data!U4 -> 0 | C11: =Source_Data!V4 -> 0 | D11: 240 | E11: 199.5 | F11: =IF(COUNT(D11:E11)=0,"",IFERROR(E11/D11,"")) -> 0.83125 | G11: 2.4 | H11: 2.4 | I11: =IF(COUNT(G11:H11)=0,"",IFERROR(H11/G11,"")) -> 1
A12: Exploration Site | B12: LTI/MTI Act | C12: FAC Act | D12: DD Tgt (m) | E12: DD Act (m) | F12: DD Achv %
A13: ZAWAR UG.X | B13: =Source_Data!X4 -> 0 | C13: =Source_Data!Y4 -> 0 | D13: 188.9 | E13: 119.3 | F13: =IF(COUNT(D13:E13)=0,"",IFERROR(E13/D13,"")) -> 0.63155109
A14: ZAWAR S EX | B14: =Source_Data!AA4 -> 0 | C14: =Source_Data!AB4 -> 0 | D14: 166 | E14: 157.2 | F14: =IF(COUNT(D14:E14)=0,"",IFERROR(E14/D14,"")) -> 0.94698795
A15: KAYAD S EX | B15: =Source_Data!AD4 -> 0 | C15: =Source_Data!AE4 -> 0 | D15: 170.2 | E15: 45.2 | F15: =IF(COUNT(D15:E15)=0,"",IFERROR(E15/D15,"")) -> 0.26556992
A16: “It always seems impossible until it’s done.”

Sheet Source_Data
A1: DATE :-30/3/2025 | F1: SK KHETAN GROUP ZERO HARM - SAFE PRODUCTIVITY | AH1: Dashboard sheet auto-links to this source data.
B2: KAYAD | E2: MOCHIA | I2: BALARIA | L2: BAROI | O2: RDM | R2: KHETRI | U2: KENDADIH | X2: ZAWAR S.X | AA2: ZAWAR UG.X | AD2: KAYAD S.X
B3: TGT | C3: ACT | D3: % | E3: TGT | G3: ACT | H3: % | I3: TGT | J3: ACT | K3: % | L3: TGT | M3: ACT | N3: % | O3: TGT | P3: ACT | Q3: % | R3: TGT | S3: ACT | T3: % | U3: TGT | V3: ACT | W3: % | X3: TGT | Y3: ACT | Z3: % | AA3: TGT | AB3: ACT | AC3: % | AD3: TGT | AE3: ACT | AF3: %
A4: LTI/ MTI | B4: 0 | C4: 0 | D4: 0 | E4: 0 | G4: 0 | H4: 0 | I4: 0 | J4: 0 | K4: 0 | L4: 0 | M4: 0 | N4: 0 | O4: 0 | P4: 0 | Q4: 0 | R4: 0 | S4: 0 | T4: 0 | U4: 0 | V4: 0 | W4: 0
A6: OP(m) | B6: 6000 | C6: 1500 | D6: 50 | E6: 2000 | G6: 1200 | H6: 20.33 | I6: 3039 | J6: 2337
A8: MD(m)
A10: “Be the change you wish to see in the world.” “वह बदलाव बनें जो आप दुनिया में देखना चाहते हैं।”
